response_id,student_id,question_id,score,time_spent,attempt
R0001,S001,Q1,77.1,268.3,2
R0002,S001,Q2,90.5,226.9,2
R0003,S001,Q3,56.2,227.6,3
R0004,S001,Q4,68.1,142.3,1
R0005,S001,Q5,39.8,144.1,2
R0006,S001,Q6,62.6,271.9,1
R0007,S001,Q7,75.9,222.4,3
R0008,S001,Q8,56.1,103.3,1
R0009,S001,Q9,71.2,130.2,3
R0010,S001,Q10,67.6,299.9,3
R0011,S001,Q11,70.3,89.5,2
R0012,S001,Q12,63.6,136.2,1
R0013,S001,Q13,62.0,70.4,3
R0014,S001,Q14,68.2,141.9,2
R0015,S001,Q15,73.3,221.5,3
R0016,S001,Q16,58.5,102.6,2
R0017,S001,Q17,72.1,187.6,3
R0018,S001,Q18,69.5,199.7,2
R0019,S001,Q19,87.0,101.6,3
R0020,S001,Q20,68.4,222.9,1
R0021,S002,Q1,61.0,181.2,1
R0022,S002,Q2,84.2,168.7,1
R0023,S002,Q3,74.4,76.5,1
R0024,S002,Q4,60.5,281.9,2
R0025,S002,Q5,54.7,218.2,3
R0026,S002,Q6,67.6,154.7,1
R0027,S002,Q7,62.0,62.9,2
R0028,S002,Q8,69.9,226.8,2
R0029,S002,Q9,66.6,123.0,2
R0030,S002,Q10,75.8,247.9,1
R0031,S002,Q11,51.0,68.4,2
R0032,S002,Q12,86.4,120.6,1
R0033,S002,Q13,100.0,261.3,3
R0034,S002,Q14,87.9,236.5,3
R0035,S002,Q15,73.3,147.5,1
R0036,S002,Q16,83.2,114.2,2
R0037,S002,Q17,54.9,74.0,2
R0038,S002,Q18,46.3,34.3,3
R0039,S002,Q19,81.6,256.5,2
R0040,S002,Q20,61.9,220.0,2
R0041,S003,Q1,74.9,257.7,3
R0042,S003,Q2,64.2,93.4,3
R0043,S003,Q3,59.8,165.3,2
R0044,S003,Q4,79.2,177.5,1
R0045,S003,Q5,85.5,176.0,1
R0046,S003,Q6,84.0,166.3,3
R0047,S003,Q7,57.4,160.2,1
R0048,S003,Q8,65.4,289.6,2
R0049,S003,Q9,75.0,179.2,3
R0050,S003,Q10,84.6,267.4,1
R0051,S003,Q11,62.8,72.5,3
R0052,S003,Q12,67.2,115.5,2
R0053,S003,Q13,53.4,211.6,1
R0054,S003,Q14,52.1,49.1,2
R0055,S003,Q15,82.2,198.7,3
R0056,S003,Q16,90.3,259.7,3
R0057,S003,Q17,68.9,274.6,2
R0058,S003,Q18,85.1,96.8,1
R0059,S003,Q19,75.4,178.2,2
R0060,S003,Q20,60.3,135.5,1
R0061,S004,Q1,60.8,125.3,1
R0062,S004,Q2,75.0,282.4,1
R0063,S004,Q3,49.3,227.8,2
R0064,S004,Q4,65.8,193.5,3
R0065,S004,Q5,69.1,126.1,2
R0066,S004,Q6,84.4,146.8,3
R0067,S004,Q7,96.9,212.9,3
R0068,S004,Q8,78.7,45.3,3
R0069,S004,Q9,74.5,133.0,1
R0070,S004,Q10,54.6,203.3,2
R0071,S004,Q11,48.7,228.0,3
R0072,S004,Q12,72.9,83.7,3
R0073,S004,Q13,72.0,242.0,1
R0074,S004,Q14,79.1,57.4,1
R0075,S004,Q15,80.6,117.8,3
R0076,S004,Q16,75.4,146.6,1
R0077,S004,Q17,48.0,33.1,2
R0078,S004,Q18,83.4,170.0,1
R0079,S004,Q19,68.4,57.8,2
R0080,S004,Q20,55.7,60.6,2
R0081,S005,Q1,65.1,180.0,2
R0082,S005,Q2,57.1,220.2,1
R0083,S005,Q3,66.1,85.2,1
R0084,S005,Q4,76.9,137.4,3
R0085,S005,Q5,49.8,193.5,2
R0086,S005,Q6,54.7,160.4,2
R0087,S005,Q7,71.9,107.6,2
R0088,S005,Q8,51.3,216.2,2
R0089,S005,Q9,99.2,193.0,3
R0090,S005,Q10,67.7,76.5,3
R0091,S005,Q11,56.4,286.9,3
R0092,S005,Q12,57.7,146.2,3
R0093,S005,Q13,62.8,198.4,3
R0094,S005,Q14,61.5,179.4,1
R0095,S005,Q15,38.6,34.1,3
R0096,S005,Q16,89.0,130.8,3
R0097,S005,Q17,69.8,212.5,1
R0098,S005,Q18,69.6,211.5,2
R0099,S005,Q19,82.3,114.5,3
R0100,S005,Q20,54.2,191.4,1
R0101,S006,Q1,63.4,77.0,3
R0102,S006,Q2,68.7,58.6,2
R0103,S006,Q3,88.6,195.3,3
R0104,S006,Q4,48.6,228.9,1
R0105,S006,Q5,75.1,84.7,2
R0106,S006,Q6,99.6,198.8,2
R0107,S006,Q7,99.5,213.6,1
R0108,S006,Q8,40.9,34.2,3
R0109,S006,Q9,58.6,98.3,3
R0110,S006,Q10,72.5,288.5,1
R0111,S006,Q11,50.2,256.7,2
R0112,S006,Q12,60.0,229.6,2
R0113,S006,Q13,67.9,293.8,1
R0114,S006,Q14,91.0,164.5,3
R0115,S006,Q15,69.3,147.1,3
R0116,S006,Q16,73.3,270.3,1
R0117,S006,Q17,77.7,276.9,3
R0118,S006,Q18,78.2,99.9,1
R0119,S006,Q19,70.4,168.4,3
R0120,S006,Q20,52.0,32.4,1
R0121,S007,Q1,80.8,177.7,1
R0122,S007,Q2,55.7,95.3,1
R0123,S007,Q3,62.0,54.7,1
R0124,S007,Q4,86.4,251.0,3
R0125,S007,Q5,76.4,229.5,3
R0126,S007,Q6,33.0,38.0,1
R0127,S007,Q7,77.2,87.9,1
R0128,S007,Q8,83.9,50.8,2
R0129,S007,Q9,57.4,46.9,1
R0130,S007,Q10,80.2,144.7,2
R0131,S007,Q11,98.1,193.8,3
R0132,S007,Q12,75.9,190.6,2
R0133,S007,Q13,60.6,286.9,2
R0134,S007,Q14,62.2,268.9,3
R0135,S007,Q15,70.2,252.2,3
R0136,S007,Q16,75.7,106.5,2
R0137,S007,Q17,70.9,137.3,2
R0138,S007,Q18,77.5,230.6,3
R0139,S007,Q19,67.8,170.8,3
R0140,S007,Q20,72.7,238.1,1
R0141,S008,Q1,65.7,278.6,2
R0142,S008,Q2,86.0,245.9,3
R0143,S008,Q3,82.8,102.6,1
R0144,S008,Q4,96.8,271.7,1
R0145,S008,Q5,78.5,39.5,3
R0146,S008,Q6,67.5,152.7,1
R0147,S008,Q7,67.9,265.9,3
R0148,S008,Q8,41.0,220.5,2
R0149,S008,Q9,72.3,164.8,2
R0150,S008,Q10,69.8,205.3,1
R0151,S008,Q11,50.0,241.7,2
R0152,S008,Q12,69.6,252.7,2
R0153,S008,Q13,90.1,242.0,2
R0154,S008,Q14,59.0,35.9,2
R0155,S008,Q15,55.6,165.7,1
R0156,S008,Q16,86.6,156.8,3
R0157,S008,Q17,79.5,105.9,3
R0158,S008,Q18,100.0,140.6,2
R0159,S008,Q19,50.2,140.4,2
R0160,S008,Q20,80.8,73.1,1
R0161,S009,Q1,74.2,49.0,2
R0162,S009,Q2,82.4,284.5,2
R0163,S009,Q3,70.2,268.1,1
R0164,S009,Q4,91.8,253.2,3
R0165,S009,Q5,66.0,59.8,1
R0166,S009,Q6,100.0,32.2,3
R0167,S009,Q7,79.4,169.1,3
R0168,S009,Q8,57.1,98.8,1
R0169,S009,Q9,53.9,125.5,1
R0170,S009,Q10,77.2,253.6,2
R0171,S009,Q11,66.6,276.7,1
R0172,S009,Q12,80.7,118.2,2
R0173,S009,Q13,77.1,130.9,2
R0174,S009,Q14,68.9,284.1,1
R0175,S009,Q15,57.3,116.0,1
R0176,S009,Q16,47.3,136.0,3
R0177,S009,Q17,63.3,253.8,3
R0178,S009,Q18,82.8,82.3,2
R0179,S009,Q19,73.2,244.5,3
R0180,S009,Q20,51.3,256.2,3
R0181,S010,Q1,73.5,154.7,2
R0182,S010,Q2,57.9,148.6,2
R0183,S010,Q3,85.9,109.9,3
R0184,S010,Q4,70.8,211.9,1
R0185,S010,Q5,83.1,224.9,3
R0186,S010,Q6,86.0,162.1,1
R0187,S010,Q7,55.6,74.6,1
R0188,S010,Q8,90.7,224.1,2
R0189,S010,Q9,83.6,243.1,2
R0190,S010,Q10,60.9,73.6,1
R0191,S010,Q11,74.6,123.2,2
R0192,S010,Q12,73.9,74.8,2
R0193,S010,Q13,70.4,268.0,2
R0194,S010,Q14,83.1,125.7,3
R0195,S010,Q15,91.6,90.0,1
R0196,S010,Q16,70.1,87.2,3
R0197,S010,Q17,90.0,96.2,3
R0198,S010,Q18,84.8,95.8,3
R0199,S010,Q19,73.5,93.2,3
R0200,S010,Q20,72.6,232.3,3
R0201,S011,Q1,98.3,180.4,3
R0202,S011,Q2,59.9,233.5,1
R0203,S011,Q3,56.3,176.0,2
R0204,S011,Q4,63.2,141.2,2
R0205,S011,Q5,63.8,76.4,2
R0206,S011,Q6,78.9,118.4,1
R0207,S011,Q7,40.1,265.0,2
R0208,S011,Q8,76.4,36.0,3
R0209,S011,Q9,61.9,61.2,1
R0210,S011,Q10,81.7,163.8,1
R0211,S011,Q11,69.3,121.0,2
R0212,S011,Q12,77.8,168.3,1
R0213,S011,Q13,64.1,135.8,1
R0214,S011,Q14,76.6,213.3,2
R0215,S011,Q15,95.0,167.1,1
R0216,S011,Q16,58.9,239.7,2
R0217,S011,Q17,68.4,244.0,1
R0218,S011,Q18,62.7,211.8,3
R0219,S011,Q19,93.9,181.4,1
R0220,S011,Q20,63.5,89.9,2
R0221,S012,Q1,77.6,98.4,1
R0222,S012,Q2,83.0,227.5,1
R0223,S012,Q3,52.0,174.6,1
R0224,S012,Q4,65.0,155.6,2
R0225,S012,Q5,62.9,257.7,3
R0226,S012,Q6,60.2,64.4,2
R0227,S012,Q7,96.5,243.7,2
R0228,S012,Q8,76.1,167.9,3
R0229,S012,Q9,51.1,260.8,1
R0230,S012,Q10,83.8,160.8,3
R0231,S012,Q11,100.0,50.4,2
R0232,S012,Q12,85.5,204.9,2
R0233,S012,Q13,47.2,273.5,2
R0234,S012,Q14,62.7,48.1,2
R0235,S012,Q15,89.0,159.4,3
R0236,S012,Q16,59.4,176.3,3
R0237,S012,Q17,76.7,48.0,1
R0238,S012,Q18,81.6,295.1,2
R0239,S012,Q19,56.1,131.4,1
R0240,S012,Q20,69.1,297.1,1
R0241,S013,Q1,40.1,180.9,1
R0242,S013,Q2,50.5,150.5,3
R0243,S013,Q3,93.1,124.6,3
R0244,S013,Q4,89.8,220.8,3
R0245,S013,Q5,68.1,129.8,3
R0246,S013,Q6,63.0,207.3,3
R0247,S013,Q7,70.9,280.9,2
R0248,S013,Q8,100.0,88.8,2
R0249,S013,Q9,76.1,257.4,1
R0250,S013,Q10,83.6,31.4,2
R0251,S013,Q11,67.0,238.7,3
R0252,S013,Q12,70.9,43.1,1
R0253,S013,Q13,79.7,187.6,1
R0254,S013,Q14,71.9,170.7,2
R0255,S013,Q15,41.5,246.8,2
R0256,S013,Q16,89.2,234.8,3
R0257,S013,Q17,60.8,211.2,1
R0258,S013,Q18,100.0,134.4,1
R0259,S013,Q19,80.3,123.7,2
R0260,S013,Q20,71.1,232.5,1
R0261,S014,Q1,60.0,99.7,3
R0262,S014,Q2,57.0,191.2,2
R0263,S014,Q3,61.8,270.1,1
R0264,S014,Q4,51.0,176.2,2
R0265,S014,Q5,71.7,72.2,2
R0266,S014,Q6,63.5,142.0,3
R0267,S014,Q7,88.5,103.2,3
R0268,S014,Q8,50.6,80.1,1
R0269,S014,Q9,93.3,88.0,2
R0270,S014,Q10,55.3,264.5,2
R0271,S014,Q11,51.4,166.9,3
R0272,S014,Q12,57.6,180.6,2
R0273,S014,Q13,99.3,218.0,3
R0274,S014,Q14,69.4,251.9,2
R0275,S014,Q15,77.9,288.8,1
R0276,S014,Q16,67.2,103.4,2
R0277,S014,Q17,68.6,174.0,3
R0278,S014,Q18,62.4,283.5,2
R0279,S014,Q19,70.8,90.8,2
R0280,S014,Q20,77.4,102.8,1
R0281,S015,Q1,69.7,217.6,1
R0282,S015,Q2,71.8,206.8,3
R0283,S015,Q3,89.2,101.5,3
R0284,S015,Q4,61.1,239.7,3
R0285,S015,Q5,78.2,240.1,3
R0286,S015,Q6,67.0,295.5,2
R0287,S015,Q7,66.7,218.7,1
R0288,S015,Q8,86.5,146.7,1
R0289,S015,Q9,82.4,155.3,2
R0290,S015,Q10,82.2,39.1,1
R0291,S015,Q11,89.6,269.9,3
R0292,S015,Q12,70.3,180.5,2
R0293,S015,Q13,80.2,210.0,2
R0294,S015,Q14,65.3,145.8,2
R0295,S015,Q15,74.9,269.8,3
R0296,S015,Q16,68.0,273.3,1
R0297,S015,Q17,71.5,252.9,2
R0298,S015,Q18,78.9,232.0,1
R0299,S015,Q19,57.7,185.7,2
R0300,S015,Q20,100.0,55.6,3
R0301,S016,Q1,64.9,282.1,3
R0302,S016,Q2,73.7,247.8,2
R0303,S016,Q3,74.9,31.5,3
R0304,S016,Q4,95.1,95.2,3
R0305,S016,Q5,83.3,112.1,1
R0306,S016,Q6,77.4,65.1,3
R0307,S016,Q7,70.8,127.3,3
R0308,S016,Q8,70.9,139.6,2
R0309,S016,Q9,48.4,114.5,1
R0310,S016,Q10,64.2,92.6,2
R0311,S016,Q11,83.3,34.6,2
R0312,S016,Q12,66.5,220.7,3
R0313,S016,Q13,70.7,256.0,3
R0314,S016,Q14,52.4,31.4,3
R0315,S016,Q15,76.7,198.6,1
R0316,S016,Q16,48.1,138.6,3
R0317,S016,Q17,74.3,186.9,1
R0318,S016,Q18,67.2,202.3,3
R0319,S016,Q19,43.9,149.4,2
R0320,S016,Q20,86.0,67.4,1
R0321,S017,Q1,54.7,91.8,3
R0322,S017,Q2,82.5,264.5,3
R0323,S017,Q3,59.1,280.9,3
R0324,S017,Q4,41.9,197.0,3
R0325,S017,Q5,61.4,87.1,3
R0326,S017,Q6,47.6,149.6,2
R0327,S017,Q7,93.9,205.4,1
R0328,S017,Q8,77.1,154.5,2
R0329,S017,Q9,79.7,190.2,3
R0330,S017,Q10,78.0,286.3,1
R0331,S017,Q11,82.6,212.2,3
R0332,S017,Q12,87.0,263.2,3
R0333,S017,Q13,61.9,279.8,1
R0334,S017,Q14,48.7,44.7,3
R0335,S017,Q15,57.3,218.2,1
R0336,S017,Q16,69.3,48.8,2
R0337,S017,Q17,31.5,72.2,3
R0338,S017,Q18,87.1,191.8,3
R0339,S017,Q19,41.5,85.1,2
R0340,S017,Q20,79.0,152.9,3
R0341,S018,Q1,82.7,152.3,2
R0342,S018,Q2,54.0,75.8,2
R0343,S018,Q3,59.5,240.4,3
R0344,S018,Q4,55.5,76.3,3
R0345,S018,Q5,91.6,256.3,2
R0346,S018,Q6,59.5,215.1,2
R0347,S018,Q7,67.9,174.7,2
R0348,S018,Q8,61.0,138.5,1
R0349,S018,Q9,65.4,187.8,1
R0350,S018,Q10,58.9,104.8,2
R0351,S018,Q11,76.9,187.5,3
R0352,S018,Q12,54.4,44.0,1
R0353,S018,Q13,49.7,144.3,2
R0354,S018,Q14,61.6,277.2,3
R0355,S018,Q15,58.0,268.4,2
R0356,S018,Q16,49.9,191.1,1
R0357,S018,Q17,65.1,293.6,3
R0358,S018,Q18,45.1,229.1,3
R0359,S018,Q19,95.9,63.8,3
R0360,S018,Q20,47.6,38.1,2
R0361,S019,Q1,68.2,216.6,3
R0362,S019,Q2,79.7,292.8,3
R0363,S019,Q3,81.7,258.8,2
R0364,S019,Q4,72.3,64.5,3
R0365,S019,Q5,51.5,147.6,1
R0366,S019,Q6,72.8,210.7,2
R0367,S019,Q7,91.0,283.3,3
R0368,S019,Q8,63.3,179.0,2
R0369,S019,Q9,75.1,49.2,2
R0370,S019,Q10,69.8,91.9,2
R0371,S019,Q11,90.6,102.5,2
R0372,S019,Q12,59.8,50.2,3
R0373,S019,Q13,87.3,69.8,3
R0374,S019,Q14,64.4,296.0,1
R0375,S019,Q15,59.6,291.3,3
R0376,S019,Q16,71.6,245.5,2
R0377,S019,Q17,75.1,200.3,1
R0378,S019,Q18,98.7,92.8,2
R0379,S019,Q19,74.8,99.2,1
R0380,S019,Q20,72.9,125.5,1
R0381,S020,Q1,63.2,46.9,1
R0382,S020,Q2,79.3,75.9,3
R0383,S020,Q3,54.0,239.7,2
R0384,S020,Q4,67.9,263.5,3
R0385,S020,Q5,71.8,103.3,2
R0386,S020,Q6,77.7,160.8,3
R0387,S020,Q7,80.7,220.8,2
R0388,S020,Q8,53.1,247.0,1
R0389,S020,Q9,47.0,159.2,2
R0390,S020,Q10,89.2,166.5,2
R0391,S020,Q11,75.0,114.2,2
R0392,S020,Q12,58.8,266.4,1
R0393,S020,Q13,93.3,154.1,3
R0394,S020,Q14,71.7,136.8,3
R0395,S020,Q15,87.7,45.4,2
R0396,S020,Q16,71.0,153.8,1
R0397,S020,Q17,100.0,123.7,2
R0398,S020,Q18,96.3,210.1,1
R0399,S020,Q19,66.3,262.8,3
R0400,S020,Q20,84.6,42.1,3
R0401,S021,Q1,92.3,256.8,1
R0402,S021,Q2,83.2,236.6,2
R0403,S021,Q3,63.5,82.7,2
R0404,S021,Q4,64.9,157.1,1
R0405,S021,Q5,44.0,163.0,2
R0406,S021,Q6,91.7,256.3,3
R0407,S021,Q7,83.3,61.6,2
R0408,S021,Q8,67.9,63.3,3
R0409,S021,Q9,73.0,152.6,1
R0410,S021,Q10,37.4,168.7,1
R0411,S021,Q11,62.7,270.3,1
R0412,S021,Q12,90.0,77.4,3
R0413,S021,Q13,84.7,228.8,2
R0414,S021,Q14,75.0,264.8,2
R0415,S021,Q15,69.8,92.1,3
R0416,S021,Q16,81.9,281.7,1
R0417,S021,Q17,65.8,208.7,2
R0418,S021,Q18,45.0,65.5,1
R0419,S021,Q19,69.9,105.2,3
R0420,S021,Q20,76.0,79.4,2
R0421,S022,Q1,75.5,273.9,1
R0422,S022,Q2,55.9,185.7,3
R0423,S022,Q3,62.3,184.2,1
R0424,S022,Q4,54.1,242.1,3
R0425,S022,Q5,69.1,283.5,3
R0426,S022,Q6,84.3,121.1,3
R0427,S022,Q7,55.2,258.2,3
R0428,S022,Q8,77.6,121.2,1
R0429,S022,Q9,62.0,36.8,3
R0430,S022,Q10,58.1,88.9,2
R0431,S022,Q11,68.4,170.9,3
R0432,S022,Q12,54.5,101.1,1
R0433,S022,Q13,61.7,198.3,2
R0434,S022,Q14,52.0,244.0,1
R0435,S022,Q15,99.5,92.7,1
R0436,S022,Q16,70.5,179.7,1
R0437,S022,Q17,59.5,55.3,2
R0438,S022,Q18,73.2,94.0,3
R0439,S022,Q19,68.3,40.8,2
R0440,S022,Q20,66.7,194.7,3
R0441,S023,Q1,70.4,94.3,3
R0442,S023,Q2,74.7,189.3,1
R0443,S023,Q3,69.5,155.9,1
R0444,S023,Q4,70.8,219.7,3
R0445,S023,Q5,72.9,161.6,2
R0446,S023,Q6,94.0,168.5,2
R0447,S023,Q7,66.2,299.9,2
R0448,S023,Q8,71.9,137.4,2
R0449,S023,Q9,83.0,158.4,3
R0450,S023,Q10,77.1,38.2,1
R0451,S023,Q11,64.6,42.3,1
R0452,S023,Q12,83.5,167.9,3
R0453,S023,Q13,56.9,275.9,2
R0454,S023,Q14,66.6,238.9,1
R0455,S023,Q15,58.4,43.6,2
R0456,S023,Q16,78.6,178.8,1
R0457,S023,Q17,87.8,256.6,1
R0458,S023,Q18,73.4,244.9,3
R0459,S023,Q19,71.1,151.2,1
R0460,S023,Q20,56.9,120.7,1
R0461,S024,Q1,85.8,238.8,1
R0462,S024,Q2,79.8,194.2,3
R0463,S024,Q3,56.9,76.8,1
R0464,S024,Q4,70.0,194.9,2
R0465,S024,Q5,100.0,135.9,3
R0466,S024,Q6,85.2,183.5,3
R0467,S024,Q7,63.4,238.6,2
R0468,S024,Q8,93.7,212.9,1
R0469,S024,Q9,64.2,255.5,2
R0470,S024,Q10,60.0,128.8,2
R0471,S024,Q11,90.9,35.2,3
R0472,S024,Q12,50.4,171.7,1
R0473,S024,Q13,41.3,106.4,3
R0474,S024,Q14,84.1,123.2,1
R0475,S024,Q15,70.4,119.7,2
R0476,S024,Q16,71.9,210.3,3
R0477,S024,Q17,64.6,202.0,3
R0478,S024,Q18,66.4,195.1,3
R0479,S024,Q19,63.1,81.9,2
R0480,S024,Q20,60.6,197.3,1
R0481,S025,Q1,70.7,268.9,2
R0482,S025,Q2,57.5,104.9,3
R0483,S025,Q3,74.1,121.7,1
R0484,S025,Q4,69.2,32.8,1
R0485,S025,Q5,66.4,220.7,3
R0486,S025,Q6,56.4,147.6,3
R0487,S025,Q7,61.3,114.2,3
R0488,S025,Q8,81.3,68.4,3
R0489,S025,Q9,77.5,259.4,2
R0490,S025,Q10,55.3,122.7,1
R0491,S025,Q11,71.5,282.6,2
R0492,S025,Q12,81.3,280.7,3
R0493,S025,Q13,45.0,54.9,3
R0494,S025,Q14,78.2,70.6,2
R0495,S025,Q15,60.1,151.2,3
R0496,S025,Q16,78.6,165.4,2
R0497,S025,Q17,58.6,31.4,2
R0498,S025,Q18,42.9,208.7,2
R0499,S025,Q19,45.6,204.8,2
R0500,S025,Q20,70.7,77.8,1
R0501,S026,Q1,52.9,61.0,3
R0502,S026,Q2,74.0,45.0,3
R0503,S026,Q3,100.0,154.8,1
R0504,S026,Q4,45.8,209.2,2
R0505,S026,Q5,67.8,223.6,3
R0506,S026,Q6,63.9,268.8,3
R0507,S026,Q7,61.0,109.7,3
R0508,S026,Q8,81.4,58.9,2
R0509,S026,Q9,86.6,81.5,2
R0510,S026,Q10,81.6,283.9,1
R0511,S026,Q11,59.1,146.1,1
R0512,S026,Q12,100.0,252.1,1
R0513,S026,Q13,43.4,228.4,1
R0514,S026,Q14,54.5,61.6,1
R0515,S026,Q15,72.5,163.1,2
R0516,S026,Q16,71.3,67.0,3
R0517,S026,Q17,77.3,147.1,1
R0518,S026,Q18,93.7,187.6,2
R0519,S026,Q19,68.2,177.6,1
R0520,S026,Q20,71.7,42.2,3
R0521,S027,Q1,63.4,34.1,3
R0522,S027,Q2,76.9,281.5,3
R0523,S027,Q3,79.8,183.0,3
R0524,S027,Q4,50.6,218.9,2
R0525,S027,Q5,65.9,181.4,1
R0526,S027,Q6,79.1,52.3,3
R0527,S027,Q7,95.6,246.3,1
R0528,S027,Q8,82.4,56.7,1
R0529,S027,Q9,96.6,155.3,3
R0530,S027,Q10,64.0,294.8,1
R0531,S027,Q11,73.8,91.1,3
R0532,S027,Q12,82.1,190.6,1
R0533,S027,Q13,35.1,218.9,3
R0534,S027,Q14,92.7,207.9,3
R0535,S027,Q15,42.1,76.6,3
R0536,S027,Q16,85.0,232.0,1
R0537,S027,Q17,80.3,96.5,2
R0538,S027,Q18,34.9,244.3,3
R0539,S027,Q19,35.7,291.8,1
R0540,S027,Q20,91.5,94.8,2
R0541,S028,Q1,75.1,43.6,1
R0542,S028,Q2,63.8,216.8,3
R0543,S028,Q3,79.5,88.9,1
R0544,S028,Q4,100.0,195.8,1
R0545,S028,Q5,72.7,67.2,2
R0546,S028,Q6,73.7,127.0,1
R0547,S028,Q7,63.1,231.2,2
R0548,S028,Q8,57.3,158.9,1
R0549,S028,Q9,82.5,244.4,2
R0550,S028,Q10,57.2,247.5,1
R0551,S028,Q11,71.1,180.5,1
R0552,S028,Q12,62.8,52.9,1
R0553,S028,Q13,77.2,126.8,1
R0554,S028,Q14,75.0,257.0,2
R0555,S028,Q15,85.6,79.3,1
R0556,S028,Q16,62.3,185.6,1
R0557,S028,Q17,66.0,133.8,1
R0558,S028,Q18,55.3,104.5,3
R0559,S028,Q19,63.3,34.5,1
R0560,S028,Q20,75.7,282.1,1
R0561,S029,Q1,70.4,143.6,2
R0562,S029,Q2,68.0,38.8,1
R0563,S029,Q3,95.6,114.2,2
R0564,S029,Q4,77.8,73.5,2
R0565,S029,Q5,87.7,292.2,1
R0566,S029,Q6,75.4,280.6,2
R0567,S029,Q7,68.3,48.5,3
R0568,S029,Q8,74.9,168.3,3
R0569,S029,Q9,63.9,283.4,3
R0570,S029,Q10,48.2,50.7,3
R0571,S029,Q11,82.2,92.5,3
R0572,S029,Q12,47.5,138.9,1
R0573,S029,Q13,66.0,148.3,3
R0574,S029,Q14,63.4,98.9,1
R0575,S029,Q15,79.7,149.9,1
R0576,S029,Q16,93.5,173.5,2
R0577,S029,Q17,88.1,105.1,3
R0578,S029,Q18,80.1,136.7,3
R0579,S029,Q19,60.6,37.9,2
R0580,S029,Q20,67.2,72.2,2
R0581,S030,Q1,68.6,75.4,1
R0582,S030,Q2,81.7,221.7,3
R0583,S030,Q3,100.0,92.5,3
R0584,S030,Q4,77.9,227.5,1
R0585,S030,Q5,61.2,114.5,2
R0586,S030,Q6,68.0,269.3,3
R0587,S030,Q7,86.1,132.5,1
R0588,S030,Q8,61.3,200.1,3
R0589,S030,Q9,82.8,54.7,2
R0590,S030,Q10,35.2,173.4,1
R0591,S030,Q11,66.6,240.9,3
R0592,S030,Q12,79.4,227.5,3
R0593,S030,Q13,89.1,271.3,3
R0594,S030,Q14,57.7,254.9,2
R0595,S030,Q15,47.5,284.7,1
R0596,S030,Q16,66.1,146.5,1
R0597,S030,Q17,53.1,277.1,2
R0598,S030,Q18,67.8,257.9,2
R0599,S030,Q19,69.9,168.8,1
R0600,S030,Q20,50.2,273.4,2
R0601,S031,Q1,59.2,117.8,3
R0602,S031,Q2,83.6,181.0,2
R0603,S031,Q3,59.9,31.7,1
R0604,S031,Q4,60.2,218.1,3
R0605,S031,Q5,76.7,136.7,1
R0606,S031,Q6,70.2,86.9,2
R0607,S031,Q7,100.0,251.5,3
R0608,S031,Q8,45.6,285.6,2
R0609,S031,Q9,71.6,241.5,3
R0610,S031,Q10,86.9,152.7,2
R0611,S031,Q11,61.3,37.0,3
R0612,S031,Q12,56.3,154.1,2
R0613,S031,Q13,56.9,62.5,1
R0614,S031,Q14,45.8,83.5,2
R0615,S031,Q15,90.2,198.1,3
R0616,S031,Q16,65.1,143.4,3
R0617,S031,Q17,63.3,142.6,2
R0618,S031,Q18,38.1,76.2,3
R0619,S031,Q19,48.5,234.5,2
R0620,S031,Q20,92.0,225.5,2
R0621,S032,Q1,90.8,136.1,3
R0622,S032,Q2,30.1,247.3,1
R0623,S032,Q3,38.8,208.7,2
R0624,S032,Q4,51.4,50.7,3
R0625,S032,Q5,52.3,36.4,1
R0626,S032,Q6,73.1,286.0,3
R0627,S032,Q7,74.3,66.6,2
R0628,S032,Q8,66.2,264.5,1
R0629,S032,Q9,67.8,143.3,2
R0630,S032,Q10,77.9,87.7,1
R0631,S032,Q11,82.5,32.6,3
R0632,S032,Q12,50.1,37.7,2
R0633,S032,Q13,64.6,285.6,1
R0634,S032,Q14,69.0,242.6,3
R0635,S032,Q15,77.3,96.9,2
R0636,S032,Q16,58.4,188.9,1
R0637,S032,Q17,68.7,182.9,2
R0638,S032,Q18,70.4,176.9,3
R0639,S032,Q19,59.4,174.5,3
R0640,S032,Q20,59.1,103.3,3
R0641,S033,Q1,82.2,65.6,3
R0642,S033,Q2,41.8,178.5,1
R0643,S033,Q3,72.1,254.7,1
R0644,S033,Q4,84.7,89.9,1
R0645,S033,Q5,82.9,91.0,1
R0646,S033,Q6,79.4,53.6,2
R0647,S033,Q7,70.2,55.7,2
R0648,S033,Q8,70.9,121.1,1
R0649,S033,Q9,44.6,52.6,2
R0650,S033,Q10,56.5,233.2,1
R0651,S033,Q11,73.5,265.1,1
R0652,S033,Q12,59.3,149.4,3
R0653,S033,Q13,80.3,160.8,3
R0654,S033,Q14,77.0,173.1,3
R0655,S033,Q15,90.5,88.4,1
R0656,S033,Q16,84.4,247.5,3
R0657,S033,Q17,73.4,275.9,1
R0658,S033,Q18,81.2,70.3,2
R0659,S033,Q19,85.1,123.6,2
R0660,S033,Q20,62.4,140.3,2
R0661,S034,Q1,87.8,45.3,2
R0662,S034,Q2,59.9,135.8,3
R0663,S034,Q3,84.2,246.8,3
R0664,S034,Q4,64.6,203.2,1
R0665,S034,Q5,64.7,123.1,3
R0666,S034,Q6,73.9,110.3,3
R0667,S034,Q7,74.3,60.0,2
R0668,S034,Q8,70.6,94.9,3
R0669,S034,Q9,50.0,243.4,1
R0670,S034,Q10,68.2,177.3,2
R0671,S034,Q11,100.0,137.2,3
R0672,S034,Q12,28.2,229.2,1
R0673,S034,Q13,83.0,52.1,1
R0674,S034,Q14,85.9,297.2,1
R0675,S034,Q15,49.6,298.0,2
R0676,S034,Q16,63.0,166.2,3
R0677,S034,Q17,55.0,75.6,3
R0678,S034,Q18,97.8,208.0,1
R0679,S034,Q19,86.5,166.9,3
R0680,S034,Q20,87.3,108.1,1
R0681,S035,Q1,45.6,237.4,3
R0682,S035,Q2,78.3,141.0,2
R0683,S035,Q3,100.0,197.1,1
R0684,S035,Q4,80.8,165.2,2
R0685,S035,Q5,63.0,36.4,3
R0686,S035,Q6,77.9,216.1,1
R0687,S035,Q7,94.3,64.9,1
R0688,S035,Q8,93.6,240.5,2
R0689,S035,Q9,54.9,171.4,3
R0690,S035,Q10,77.7,157.2,3
R0691,S035,Q11,67.6,297.8,1
R0692,S035,Q12,82.1,206.1,1
R0693,S035,Q13,75.8,236.6,2
R0694,S035,Q14,34.5,192.7,3
R0695,S035,Q15,64.8,64.0,2
R0696,S035,Q16,73.0,211.9,1
R0697,S035,Q17,48.5,66.5,3
R0698,S035,Q18,78.7,212.7,1
R0699,S035,Q19,47.1,284.9,1
R0700,S035,Q20,58.0,214.3,2
R0701,S036,Q1,68.1,145.8,2
R0702,S036,Q2,78.3,68.7,1
R0703,S036,Q3,43.7,155.3,2
R0704,S036,Q4,68.1,93.0,1
R0705,S036,Q5,51.5,208.5,2
R0706,S036,Q6,72.2,89.1,1
R0707,S036,Q7,73.5,205.6,1
R0708,S036,Q8,73.5,193.6,2
R0709,S036,Q9,62.8,42.1,1
R0710,S036,Q10,100.0,299.2,2
R0711,S036,Q11,51.0,190.4,1
R0712,S036,Q12,50.1,155.6,1
R0713,S036,Q13,94.8,198.1,1
R0714,S036,Q14,59.4,99.8,3
R0715,S036,Q15,55.8,200.5,1
R0716,S036,Q16,100.0,211.7,2
R0717,S036,Q17,84.8,109.9,3
R0718,S036,Q18,61.1,247.5,2
R0719,S036,Q19,73.3,43.6,1
R0720,S036,Q20,99.2,185.8,1
R0721,S037,Q1,78.4,36.7,1
R0722,S037,Q2,86.2,48.7,2
R0723,S037,Q3,82.5,256.8,2
R0724,S037,Q4,76.9,246.1,2
R0725,S037,Q5,68.9,139.8,2
R0726,S037,Q6,45.1,223.0,2
R0727,S037,Q7,76.4,171.9,1
R0728,S037,Q8,73.1,273.1,1
R0729,S037,Q9,74.1,113.1,1
R0730,S037,Q10,50.8,213.5,2
R0731,S037,Q11,53.8,186.9,3
R0732,S037,Q12,85.8,30.3,3
R0733,S037,Q13,69.4,52.1,1
R0734,S037,Q14,80.2,208.7,3
R0735,S037,Q15,70.4,190.2,3
R0736,S037,Q16,70.4,41.5,1
R0737,S037,Q17,84.1,209.6,2
R0738,S037,Q18,62.3,64.4,2
R0739,S037,Q19,71.4,66.3,1
R0740,S037,Q20,63.1,254.5,3
R0741,S038,Q1,71.2,164.7,1
R0742,S038,Q2,85.2,57.9,3
R0743,S038,Q3,38.8,226.8,3
R0744,S038,Q4,50.7,110.7,3
R0745,S038,Q5,90.0,30.0,3
R0746,S038,Q6,74.8,117.1,3
R0747,S038,Q7,100.0,70.0,2
R0748,S038,Q8,77.3,175.9,1
R0749,S038,Q9,72.2,288.6,3
R0750,S038,Q10,95.7,272.7,1
R0751,S038,Q11,85.2,53.0,1
R0752,S038,Q12,67.1,133.7,2
R0753,S038,Q13,53.6,193.9,3
R0754,S038,Q14,34.4,94.9,3
R0755,S038,Q15,63.4,159.6,3
R0756,S038,Q16,52.2,51.9,3
R0757,S038,Q17,100.0,296.6,3
R0758,S038,Q18,60.2,173.6,2
R0759,S038,Q19,59.8,47.8,2
R0760,S038,Q20,47.2,155.2,3
R0761,S039,Q1,42.1,118.3,3
R0762,S039,Q2,65.5,115.9,2
R0763,S039,Q3,76.8,211.6,2
R0764,S039,Q4,81.2,189.9,3
R0765,S039,Q5,46.1,128.5,3
R0766,S039,Q6,79.5,210.0,1
R0767,S039,Q7,66.3,99.3,3
R0768,S039,Q8,56.8,265.7,2
R0769,S039,Q9,60.3,298.6,3
R0770,S039,Q10,82.0,197.2,1
R0771,S039,Q11,74.1,211.9,1
R0772,S039,Q12,70.8,106.8,3
R0773,S039,Q13,73.7,196.6,2
R0774,S039,Q14,83.9,92.8,2
R0775,S039,Q15,68.5,171.4,3
R0776,S039,Q16,70.8,159.2,3
R0777,S039,Q17,87.1,105.0,1
R0778,S039,Q18,65.0,53.2,3
R0779,S039,Q19,79.3,254.8,3
R0780,S039,Q20,62.4,188.1,3
R0781,S040,Q1,60.7,48.0,3
R0782,S040,Q2,61.7,202.2,3
R0783,S040,Q3,60.4,281.8,2
R0784,S040,Q4,87.8,164.5,2
R0785,S040,Q5,91.3,98.1,2
R0786,S040,Q6,61.4,206.3,1
R0787,S040,Q7,57.5,293.8,3
R0788,S040,Q8,77.1,66.6,3
R0789,S040,Q9,61.7,128.5,3
R0790,S040,Q10,79.5,275.1,1
R0791,S040,Q11,73.0,219.1,2
R0792,S040,Q12,47.3,180.2,3
R0793,S040,Q13,93.2,284.2,1
R0794,S040,Q14,96.9,35.7,1
R0795,S040,Q15,60.8,293.3,1
R0796,S040,Q16,64.2,219.6,1
R0797,S040,Q17,74.3,291.0,3
R0798,S040,Q18,75.0,281.3,3
R0799,S040,Q19,79.9,152.6,3
R0800,S040,Q20,100.0,129.9,1
R0801,S041,Q1,70.7,97.7,3
R0802,S041,Q2,60.5,115.9,3
R0803,S041,Q3,83.6,291.7,2
R0804,S041,Q4,70.5,250.3,1
R0805,S041,Q5,98.0,121.6,2
R0806,S041,Q6,82.3,73.7,2
R0807,S041,Q7,86.6,164.8,3
R0808,S041,Q8,72.0,152.0,2
R0809,S041,Q9,72.4,284.1,1
R0810,S041,Q10,96.0,61.1,1
R0811,S041,Q11,64.3,142.0,2
R0812,S041,Q12,78.2,195.8,1
R0813,S041,Q13,66.0,149.3,2
R0814,S041,Q14,66.0,46.6,3
R0815,S041,Q15,52.5,142.0,3
R0816,S041,Q16,58.9,205.2,2
R0817,S041,Q17,56.1,83.4,2
R0818,S041,Q18,78.9,158.9,3
R0819,S041,Q19,85.6,171.8,2
R0820,S041,Q20,68.6,138.4,1
R0821,S042,Q1,59.7,64.2,1
R0822,S042,Q2,77.4,212.4,1
R0823,S042,Q3,76.3,197.4,2
R0824,S042,Q4,76.0,45.8,1
R0825,S042,Q5,66.6,41.3,2
R0826,S042,Q6,70.1,265.4,3
R0827,S042,Q7,82.3,61.4,3
R0828,S042,Q8,47.7,109.8,3
R0829,S042,Q9,70.4,213.2,2
R0830,S042,Q10,71.3,70.1,1
R0831,S042,Q11,81.3,68.7,3
R0832,S042,Q12,49.7,264.9,3
R0833,S042,Q13,92.4,190.8,1
R0834,S042,Q14,73.2,171.4,2
R0835,S042,Q15,74.0,233.9,3
R0836,S042,Q16,64.0,165.7,2
R0837,S042,Q17,78.1,51.7,3
R0838,S042,Q18,70.7,243.7,2
R0839,S042,Q19,88.1,127.1,2
R0840,S042,Q20,48.4,104.8,3
R0841,S043,Q1,81.3,213.2,3
R0842,S043,Q2,84.7,266.3,3
R0843,S043,Q3,59.6,117.9,2
R0844,S043,Q4,69.4,225.0,2
R0845,S043,Q5,100.0,156.8,2
R0846,S043,Q6,58.9,186.8,1
R0847,S043,Q7,44.4,32.8,2
R0848,S043,Q8,90.7,159.9,1
R0849,S043,Q9,87.0,242.2,2
R0850,S043,Q10,63.1,36.0,1
R0851,S043,Q11,68.3,265.9,3
R0852,S043,Q12,51.6,91.2,3
R0853,S043,Q13,71.3,65.7,3
R0854,S043,Q14,87.5,194.8,3
R0855,S043,Q15,61.9,132.9,2
R0856,S043,Q16,83.2,64.3,3
R0857,S043,Q17,77.0,273.6,2
R0858,S043,Q18,78.7,88.4,1
R0859,S043,Q19,62.7,255.6,3
R0860,S043,Q20,64.7,251.5,3
R0861,S044,Q1,68.3,188.8,1
R0862,S044,Q2,79.5,166.0,2
R0863,S044,Q3,51.6,88.9,3
R0864,S044,Q4,94.9,200.5,1
R0865,S044,Q5,83.5,150.3,1
R0866,S044,Q6,66.9,141.8,3
R0867,S044,Q7,59.3,176.1,3
R0868,S044,Q8,60.0,198.9,1
R0869,S044,Q9,71.1,35.7,2
R0870,S044,Q10,66.6,46.1,3
R0871,S044,Q11,84.3,242.7,1
R0872,S044,Q12,64.9,171.3,2
R0873,S044,Q13,77.6,176.6,2
R0874,S044,Q14,69.6,51.6,1
R0875,S044,Q15,74.0,33.3,3
R0876,S044,Q16,66.5,79.8,1
R0877,S044,Q17,80.6,134.4,2
R0878,S044,Q18,80.8,134.0,2
R0879,S044,Q19,76.9,168.2,3
R0880,S044,Q20,79.1,268.6,3
R0881,S045,Q1,67.6,82.4,3
R0882,S045,Q2,49.9,166.5,1
R0883,S045,Q3,48.6,37.0,3
R0884,S045,Q4,79.1,170.5,3
R0885,S045,Q5,47.7,267.1,2
R0886,S045,Q6,74.7,289.1,1
R0887,S045,Q7,76.7,277.7,3
R0888,S045,Q8,55.1,41.9,1
R0889,S045,Q9,83.4,273.7,1
R0890,S045,Q10,44.2,204.3,1
R0891,S045,Q11,74.4,119.2,2
R0892,S045,Q12,69.4,152.7,1
R0893,S045,Q13,68.2,50.8,1
R0894,S045,Q14,52.3,64.3,2
R0895,S045,Q15,55.9,234.3,2
R0896,S045,Q16,94.3,96.4,1
R0897,S045,Q17,88.2,46.0,2
R0898,S045,Q18,81.1,214.8,3
R0899,S045,Q19,84.1,42.7,2
R0900,S045,Q20,82.7,133.2,2
R0901,S046,Q1,69.9,107.2,3
R0902,S046,Q2,52.6,31.1,1
R0903,S046,Q3,92.6,45.0,3
R0904,S046,Q4,83.2,236.8,1
R0905,S046,Q5,66.7,142.2,1
R0906,S046,Q6,70.4,36.0,1
R0907,S046,Q7,73.1,56.6,3
R0908,S046,Q8,39.4,291.3,2
R0909,S046,Q9,66.3,226.7,3
R0910,S046,Q10,59.8,136.1,1
R0911,S046,Q11,55.0,75.8,2
R0912,S046,Q12,65.8,196.7,2
R0913,S046,Q13,97.0,212.9,3
R0914,S046,Q14,79.6,60.3,3
R0915,S046,Q15,61.4,279.1,3
R0916,S046,Q16,78.6,148.0,3
R0917,S046,Q17,91.0,124.5,3
R0918,S046,Q18,83.9,257.8,3
R0919,S046,Q19,70.9,95.0,2
R0920,S046,Q20,60.3,289.6,1
R0921,S047,Q1,89.0,90.7,1
R0922,S047,Q2,78.4,200.3,3
R0923,S047,Q3,65.0,294.1,3
R0924,S047,Q4,100.0,34.5,3
R0925,S047,Q5,79.8,120.2,3
R0926,S047,Q6,99.6,103.6,3
R0927,S047,Q7,90.3,130.5,3
R0928,S047,Q8,77.0,48.4,2
R0929,S047,Q9,61.3,46.1,2
R0930,S047,Q10,69.6,270.3,3
R0931,S047,Q11,66.7,142.3,2
R0932,S047,Q12,51.8,138.7,3
R0933,S047,Q13,79.8,183.5,2
R0934,S047,Q14,93.5,66.5,3
R0935,S047,Q15,65.5,136.9,2
R0936,S047,Q16,100.0,33.0,3
R0937,S047,Q17,46.6,286.3,1
R0938,S047,Q18,85.8,147.2,1
R0939,S047,Q19,95.1,297.7,1
R0940,S047,Q20,66.9,125.7,3
R0941,S048,Q1,50.3,210.7,3
R0942,S048,Q2,88.0,219.2,2
R0943,S048,Q3,62.7,283.4,2
R0944,S048,Q4,100.0,185.4,1
R0945,S048,Q5,67.4,207.1,3
R0946,S048,Q6,58.6,179.4,1
R0947,S048,Q7,63.8,90.6,3
R0948,S048,Q8,48.8,253.4,3
R0949,S048,Q9,77.2,125.8,2
R0950,S048,Q10,63.7,41.7,3
R0951,S048,Q11,87.0,100.5,1
R0952,S048,Q12,65.9,231.1,1
R0953,S048,Q13,90.8,245.0,2
R0954,S048,Q14,81.4,168.6,1
R0955,S048,Q15,70.4,161.8,3
R0956,S048,Q16,93.7,115.7,2
R0957,S048,Q17,84.3,143.2,1
R0958,S048,Q18,100.0,217.4,2
R0959,S048,Q19,63.9,107.8,2
R0960,S048,Q20,71.1,142.2,3
R0961,S049,Q1,67.4,107.1,2
R0962,S049,Q2,83.3,54.7,3
R0963,S049,Q3,79.8,187.9,3
R0964,S049,Q4,46.4,77.1,3
R0965,S049,Q5,92.1,46.4,3
R0966,S049,Q6,90.7,198.9,1
R0967,S049,Q7,60.6,127.6,1
R0968,S049,Q8,75.9,98.5,1
R0969,S049,Q9,77.4,83.0,1
R0970,S049,Q10,73.9,163.5,2
R0971,S049,Q11,61.7,185.8,1
R0972,S049,Q12,59.9,115.3,1
R0973,S049,Q13,69.6,248.7,3
R0974,S049,Q14,87.6,195.1,2
R0975,S049,Q15,78.2,276.5,1
R0976,S049,Q16,64.4,118.4,1
R0977,S049,Q17,81.6,102.6,3
R0978,S049,Q18,27.3,133.9,1
R0979,S049,Q19,87.2,179.9,2
R0980,S049,Q20,43.9,189.2,2
R0981,S050,Q1,85.7,196.2,3
R0982,S050,Q2,65.6,53.7,2
R0983,S050,Q3,70.3,238.6,1
R0984,S050,Q4,68.6,87.8,1
R0985,S050,Q5,45.7,249.2,3
R0986,S050,Q6,93.2,134.6,1
R0987,S050,Q7,58.5,113.4,2
R0988,S050,Q8,58.6,281.8,3
R0989,S050,Q9,67.7,71.5,1
R0990,S050,Q10,84.9,153.8,3
R0991,S050,Q11,61.1,209.0,2
R0992,S050,Q12,40.7,250.3,2
R0993,S050,Q13,56.7,228.7,1
R0994,S050,Q14,76.4,107.5,3
R0995,S050,Q15,100.0,43.3,2
R0996,S050,Q16,51.1,45.4,2
R0997,S050,Q17,50.6,99.2,3
R0998,S050,Q18,47.3,273.9,2
R0999,S050,Q19,45.4,262.0,1
R1000,S050,Q20,88.1,212.2,2
R1001,S051,Q1,65.5,276.2,1
R1002,S051,Q2,75.7,235.2,2
R1003,S051,Q3,65.1,213.7,3
R1004,S051,Q4,61.7,197.5,3
R1005,S051,Q5,70.7,52.6,1
R1006,S051,Q6,59.7,111.9,3
R1007,S051,Q7,68.0,269.3,3
R1008,S051,Q8,54.5,216.7,2
R1009,S051,Q9,67.2,118.7,3
R1010,S051,Q10,76.7,65.3,2
R1011,S051,Q11,61.2,290.6,2
R1012,S051,Q12,70.1,185.3,2
R1013,S051,Q13,72.1,226.1,3
R1014,S051,Q14,76.8,114.3,2
R1015,S051,Q15,68.0,85.8,1
R1016,S051,Q16,86.3,92.7,3
R1017,S051,Q17,38.5,31.8,2
R1018,S051,Q18,100.0,83.6,1
R1019,S051,Q19,56.9,130.0,1
R1020,S051,Q20,76.1,117.4,3
R1021,S052,Q1,79.2,258.5,1
R1022,S052,Q2,54.2,207.6,3
R1023,S052,Q3,60.6,36.9,1
R1024,S052,Q4,98.7,46.9,3
R1025,S052,Q5,67.1,102.2,3
R1026,S052,Q6,73.3,97.1,3
R1027,S052,Q7,83.1,266.4,3
R1028,S052,Q8,77.4,280.1,3
R1029,S052,Q9,72.3,261.5,2
R1030,S052,Q10,75.5,103.9,2
R1031,S052,Q11,100.0,216.4,3
R1032,S052,Q12,69.1,260.4,2
R1033,S052,Q13,73.0,119.5,1
R1034,S052,Q14,85.8,210.7,3
R1035,S052,Q15,86.6,167.9,3
R1036,S052,Q16,87.8,112.6,3
R1037,S052,Q17,79.6,77.8,1
R1038,S052,Q18,52.9,67.1,2
R1039,S052,Q19,94.5,52.7,2
R1040,S052,Q20,52.8,208.8,2
R1041,S053,Q1,45.8,284.8,3
R1042,S053,Q2,84.0,285.4,2
R1043,S053,Q3,65.0,261.8,1
R1044,S053,Q4,73.1,296.4,1
R1045,S053,Q5,60.9,230.3,2
R1046,S053,Q6,65.1,98.1,3
R1047,S053,Q7,88.3,202.4,1
R1048,S053,Q8,80.4,44.5,3
R1049,S053,Q9,68.3,289.1,2
R1050,S053,Q10,81.5,53.8,3
R1051,S053,Q11,81.8,75.4,3
R1052,S053,Q12,64.1,212.7,1
R1053,S053,Q13,48.0,81.1,1
R1054,S053,Q14,56.5,168.0,3
R1055,S053,Q15,49.9,158.8,1
R1056,S053,Q16,87.5,294.9,3
R1057,S053,Q17,90.1,221.5,2
R1058,S053,Q18,93.8,138.6,2
R1059,S053,Q19,39.7,211.2,1
R1060,S053,Q20,86.1,279.0,3
R1061,S054,Q1,65.5,267.4,3
R1062,S054,Q2,69.5,195.2,2
R1063,S054,Q3,52.2,269.3,3
R1064,S054,Q4,74.7,49.1,3
R1065,S054,Q5,89.0,213.4,3
R1066,S054,Q6,80.5,103.1,3
R1067,S054,Q7,100.0,200.0,1
R1068,S054,Q8,70.5,110.5,1
R1069,S054,Q9,45.5,67.6,2
R1070,S054,Q10,72.6,276.1,1
R1071,S054,Q11,33.8,293.5,2
R1072,S054,Q12,62.0,99.0,2
R1073,S054,Q13,94.4,122.9,2
R1074,S054,Q14,74.9,75.2,3
R1075,S054,Q15,72.7,267.6,3
R1076,S054,Q16,97.3,62.9,1
R1077,S054,Q17,65.9,67.4,3
R1078,S054,Q18,88.9,97.5,1
R1079,S054,Q19,71.9,151.8,1
R1080,S054,Q20,75.7,190.7,1
R1081,S055,Q1,58.7,156.4,1
R1082,S055,Q2,65.8,242.0,3
R1083,S055,Q3,44.6,271.7,2
R1084,S055,Q4,68.5,205.2,1
R1085,S055,Q5,55.2,67.1,2
R1086,S055,Q6,53.4,42.4,1
R1087,S055,Q7,72.7,208.4,2
R1088,S055,Q8,90.9,190.9,3
R1089,S055,Q9,83.8,258.3,1
R1090,S055,Q10,46.4,278.6,3
R1091,S055,Q11,55.2,44.8,1
R1092,S055,Q12,84.1,143.0,1
R1093,S055,Q13,55.3,58.5,3
R1094,S055,Q14,66.6,277.1,2
R1095,S055,Q15,78.3,230.4,3
R1096,S055,Q16,55.5,233.3,3
R1097,S055,Q17,71.6,48.3,2
R1098,S055,Q18,50.0,225.2,3
R1099,S055,Q19,61.0,146.2,1
R1100,S055,Q20,74.8,124.2,3
R1101,S056,Q1,73.4,230.9,1
R1102,S056,Q2,90.5,224.1,1
R1103,S056,Q3,71.9,232.3,2
R1104,S056,Q4,63.6,59.2,2
R1105,S056,Q5,71.8,44.5,2
R1106,S056,Q6,78.1,104.1,1
R1107,S056,Q7,70.7,135.8,2
R1108,S056,Q8,70.6,152.1,1
R1109,S056,Q9,59.5,149.9,3
R1110,S056,Q10,60.1,250.1,1
R1111,S056,Q11,49.0,262.6,3
R1112,S056,Q12,96.2,211.3,2
R1113,S056,Q13,51.3,240.1,2
R1114,S056,Q14,59.6,40.2,3
R1115,S056,Q15,59.2,160.5,2
R1116,S056,Q16,83.4,181.9,2
R1117,S056,Q17,65.6,97.1,1
R1118,S056,Q18,88.7,269.4,1
R1119,S056,Q19,59.9,261.5,3
R1120,S056,Q20,74.2,102.1,2
R1121,S057,Q1,77.9,123.3,3
R1122,S057,Q2,59.0,118.0,2
R1123,S057,Q3,64.7,93.4,3
R1124,S057,Q4,76.8,34.9,3
R1125,S057,Q5,88.4,30.2,1
R1126,S057,Q6,94.4,286.9,1
R1127,S057,Q7,46.9,93.1,3
R1128,S057,Q8,74.0,79.9,2
R1129,S057,Q9,91.9,180.0,3
R1130,S057,Q10,44.7,90.5,2
R1131,S057,Q11,74.7,131.8,2
R1132,S057,Q12,70.0,293.9,2
R1133,S057,Q13,76.2,163.1,1
R1134,S057,Q14,58.4,175.0,1
R1135,S057,Q15,48.5,287.4,2
R1136,S057,Q16,41.3,110.4,1
R1137,S057,Q17,84.6,114.9,3
R1138,S057,Q18,86.6,74.4,2
R1139,S057,Q19,74.5,277.3,3
R1140,S057,Q20,62.0,201.4,3
R1141,S058,Q1,82.1,118.1,2
R1142,S058,Q2,50.4,275.5,1
R1143,S058,Q3,45.5,41.5,1
R1144,S058,Q4,93.7,177.1,1
R1145,S058,Q5,48.4,76.4,1
R1146,S058,Q6,51.7,96.7,1
R1147,S058,Q7,54.7,67.5,3
R1148,S058,Q8,100.0,260.6,2
R1149,S058,Q9,77.4,168.2,1
R1150,S058,Q10,84.5,255.8,3
R1151,S058,Q11,72.9,33.9,3
R1152,S058,Q12,61.0,269.8,1
R1153,S058,Q13,79.5,106.7,3
R1154,S058,Q14,46.7,267.2,1
R1155,S058,Q15,53.6,136.2,2
R1156,S058,Q16,81.0,150.3,3
R1157,S058,Q17,49.6,219.3,2
R1158,S058,Q18,67.2,113.8,1
R1159,S058,Q19,67.8,254.1,2
R1160,S058,Q20,62.1,229.7,1
R1161,S059,Q1,59.4,72.1,1
R1162,S059,Q2,69.2,138.4,3
R1163,S059,Q3,78.4,131.9,1
R1164,S059,Q4,71.1,80.2,3
R1165,S059,Q5,78.1,104.0,3
R1166,S059,Q6,56.2,100.4,3
R1167,S059,Q7,72.5,125.1,3
R1168,S059,Q8,48.8,218.9,3
R1169,S059,Q9,68.3,135.9,1
R1170,S059,Q10,56.4,220.6,2
R1171,S059,Q11,59.0,236.1,1
R1172,S059,Q12,88.5,167.2,2
R1173,S059,Q13,86.4,133.0,2
R1174,S059,Q14,79.1,159.1,3
R1175,S059,Q15,53.6,199.5,3
R1176,S059,Q16,65.3,201.0,1
R1177,S059,Q17,88.2,283.3,3
R1178,S059,Q18,72.1,231.3,2
R1179,S059,Q19,100.0,198.9,2
R1180,S059,Q20,75.9,279.5,1
R1181,S060,Q1,72.3,120.4,2
R1182,S060,Q2,100.0,211.3,2
R1183,S060,Q3,65.6,126.1,3
R1184,S060,Q4,63.9,252.7,2
R1185,S060,Q5,52.6,249.9,2
R1186,S060,Q6,46.9,95.3,1
R1187,S060,Q7,51.7,83.1,3
R1188,S060,Q8,59.2,207.6,3
R1189,S060,Q9,89.7,203.6,1
R1190,S060,Q10,70.6,172.0,2
R1191,S060,Q11,72.9,252.5,1
R1192,S060,Q12,68.6,82.2,3
R1193,S060,Q13,75.5,246.3,2
R1194,S060,Q14,91.0,132.1,2
R1195,S060,Q15,40.1,268.6,3
R1196,S060,Q16,88.3,83.8,2
R1197,S060,Q17,32.3,49.5,2
R1198,S060,Q18,70.4,115.3,2
R1199,S060,Q19,100.0,225.8,3
R1200,S060,Q20,80.2,53.5,1
R1201,S061,Q1,78.5,51.8,2
R1202,S061,Q2,79.0,110.5,1
R1203,S061,Q3,62.4,92.5,1
R1204,S061,Q4,66.5,31.6,1
R1205,S061,Q5,52.2,96.3,1
R1206,S061,Q6,64.7,122.6,1
R1207,S061,Q7,54.5,73.7,2
R1208,S061,Q8,89.7,85.6,3
R1209,S061,Q9,70.8,94.9,2
R1210,S061,Q10,72.6,268.8,2
R1211,S061,Q11,66.6,174.3,2
R1212,S061,Q12,73.0,226.8,1
R1213,S061,Q13,100.0,191.8,1
R1214,S061,Q14,65.5,130.5,1
R1215,S061,Q15,60.2,61.0,2
R1216,S061,Q16,77.9,165.5,3
R1217,S061,Q17,32.1,267.8,1
R1218,S061,Q18,71.0,114.8,3
R1219,S061,Q19,64.4,155.6,1
R1220,S061,Q20,55.1,265.6,2
R1221,S062,Q1,70.8,278.2,1
R1222,S062,Q2,77.9,216.7,2
R1223,S062,Q3,68.9,289.6,2
R1224,S062,Q4,77.3,253.9,3
R1225,S062,Q5,71.0,124.9,2
R1226,S062,Q6,40.4,179.5,1
R1227,S062,Q7,55.9,146.3,3
R1228,S062,Q8,67.8,225.8,1
R1229,S062,Q9,51.9,259.1,3
R1230,S062,Q10,79.0,296.2,1
R1231,S062,Q11,93.0,192.4,2
R1232,S062,Q12,88.3,230.2,1
R1233,S062,Q13,66.8,231.1,1
R1234,S062,Q14,92.4,43.8,2
R1235,S062,Q15,72.2,46.9,2
R1236,S062,Q16,64.9,187.5,3
R1237,S062,Q17,60.8,126.4,3
R1238,S062,Q18,65.5,232.3,3
R1239,S062,Q19,64.2,60.5,2
R1240,S062,Q20,72.6,108.8,2
R1241,S063,Q1,61.1,37.3,3
R1242,S063,Q2,62.4,58.7,1
R1243,S063,Q3,84.3,136.9,2
R1244,S063,Q4,76.4,145.3,2
R1245,S063,Q5,83.2,110.9,2
R1246,S063,Q6,80.1,171.8,1
R1247,S063,Q7,95.7,196.9,2
R1248,S063,Q8,54.1,150.6,2
R1249,S063,Q9,75.7,168.0,2
R1250,S063,Q10,37.4,36.0,3
R1251,S063,Q11,50.2,95.4,3
R1252,S063,Q12,68.9,134.7,2
R1253,S063,Q13,76.3,71.3,3
R1254,S063,Q14,68.5,283.5,3
R1255,S063,Q15,61.5,227.4,2
R1256,S063,Q16,64.2,261.0,2
R1257,S063,Q17,90.5,184.9,2
R1258,S063,Q18,64.2,282.9,2
R1259,S063,Q19,96.2,48.5,2
R1260,S063,Q20,81.9,59.2,3
R1261,S064,Q1,76.2,195.8,1
R1262,S064,Q2,86.1,136.3,3
R1263,S064,Q3,68.2,180.0,3
R1264,S064,Q4,63.5,121.8,3
R1265,S064,Q5,82.2,259.9,1
R1266,S064,Q6,50.4,239.7,3
R1267,S064,Q7,43.9,213.7,3
R1268,S064,Q8,69.9,146.2,2
R1269,S064,Q9,64.2,229.8,1
R1270,S064,Q10,78.3,174.5,3
R1271,S064,Q11,86.4,67.9,2
R1272,S064,Q12,78.0,87.2,1
R1273,S064,Q13,85.2,232.0,1
R1274,S064,Q14,74.8,181.1,2
R1275,S064,Q15,77.4,210.1,3
R1276,S064,Q16,68.3,112.7,3
R1277,S064,Q17,77.0,224.2,2
R1278,S064,Q18,72.5,172.4,2
R1279,S064,Q19,74.9,173.7,2
R1280,S064,Q20,67.5,226.0,1
R1281,S065,Q1,55.8,243.8,3
R1282,S065,Q2,37.6,173.8,3
R1283,S065,Q3,75.5,192.2,1
R1284,S065,Q4,66.1,221.0,1
R1285,S065,Q5,85.2,196.6,2
R1286,S065,Q6,68.0,226.5,2
R1287,S065,Q7,60.9,62.8,2
R1288,S065,Q8,68.9,189.8,1
R1289,S065,Q9,86.4,210.0,3
R1290,S065,Q10,78.6,36.7,1
R1291,S065,Q11,33.5,140.1,2
R1292,S065,Q12,72.8,120.3,1
R1293,S065,Q13,73.5,226.6,1
R1294,S065,Q14,69.7,247.4,1
R1295,S065,Q15,60.8,134.1,1
R1296,S065,Q16,87.9,207.7,2
R1297,S065,Q17,88.7,232.5,2
R1298,S065,Q18,37.0,180.7,2
R1299,S065,Q19,58.0,48.8,3
R1300,S065,Q20,67.8,165.6,1
R1301,S066,Q1,66.8,225.7,2
R1302,S066,Q2,68.2,39.9,2
R1303,S066,Q3,69.6,120.8,3
R1304,S066,Q4,78.6,41.1,2
R1305,S066,Q5,65.4,179.3,2
R1306,S066,Q6,80.3,47.0,3
R1307,S066,Q7,68.9,53.1,1
R1308,S066,Q8,54.0,169.9,1
R1309,S066,Q9,69.4,106.0,3
R1310,S066,Q10,54.8,160.5,3
R1311,S066,Q11,70.6,241.4,1
R1312,S066,Q12,82.4,153.3,2
R1313,S066,Q13,53.9,82.6,2
R1314,S066,Q14,75.5,253.6,2
R1315,S066,Q15,57.6,46.7,2
R1316,S066,Q16,73.0,155.9,3
R1317,S066,Q17,82.9,39.8,2
R1318,S066,Q18,38.1,133.4,3
R1319,S066,Q19,53.3,42.2,1
R1320,S066,Q20,64.5,257.9,2
R1321,S067,Q1,74.6,57.2,1
R1322,S067,Q2,82.2,40.8,3
R1323,S067,Q3,82.9,262.4,1
R1324,S067,Q4,61.3,184.1,2
R1325,S067,Q5,67.5,124.6,1
R1326,S067,Q6,74.2,268.9,1
R1327,S067,Q7,66.3,56.9,1
R1328,S067,Q8,94.1,290.9,2
R1329,S067,Q9,77.4,182.5,1
R1330,S067,Q10,81.0,192.2,1
R1331,S067,Q11,79.9,107.0,3
R1332,S067,Q12,87.6,215.0,2
R1333,S067,Q13,72.7,160.1,3
R1334,S067,Q14,50.5,101.6,1
R1335,S067,Q15,76.0,55.8,2
R1336,S067,Q16,60.2,45.2,2
R1337,S067,Q17,62.1,276.5,1
R1338,S067,Q18,78.8,74.4,2
R1339,S067,Q19,88.6,97.4,1
R1340,S067,Q20,70.3,89.5,3
R1341,S068,Q1,79.9,57.6,3
R1342,S068,Q2,91.5,56.9,3
R1343,S068,Q3,72.4,230.7,2
R1344,S068,Q4,57.2,131.8,2
R1345,S068,Q5,67.3,217.6,3
R1346,S068,Q6,85.3,214.4,2
R1347,S068,Q7,73.1,259.8,3
R1348,S068,Q8,51.9,187.1,1
R1349,S068,Q9,78.9,139.7,1
R1350,S068,Q10,81.5,175.1,3
R1351,S068,Q11,64.7,272.8,1
R1352,S068,Q12,79.2,103.3,2
R1353,S068,Q13,73.7,113.6,2
R1354,S068,Q14,67.0,158.6,3
R1355,S068,Q15,50.6,235.3,3
R1356,S068,Q16,86.2,111.3,1
R1357,S068,Q17,81.4,130.7,3
R1358,S068,Q18,78.8,217.9,1
R1359,S068,Q19,93.2,40.9,1
R1360,S068,Q20,84.2,151.6,1
R1361,S069,Q1,73.5,69.9,3
R1362,S069,Q2,73.5,258.8,1
R1363,S069,Q3,82.4,65.2,2
R1364,S069,Q4,82.0,237.6,3
R1365,S069,Q5,86.9,35.7,1
R1366,S069,Q6,81.8,32.4,2
R1367,S069,Q7,68.4,250.5,1
R1368,S069,Q8,88.3,53.4,1
R1369,S069,Q9,53.9,276.6,2
R1370,S069,Q10,70.1,197.7,3
R1371,S069,Q11,93.5,66.1,2
R1372,S069,Q12,51.2,80.5,3
R1373,S069,Q13,59.8,284.2,2
R1374,S069,Q14,80.1,128.1,2
R1375,S069,Q15,75.9,145.7,1
R1376,S069,Q16,56.9,119.7,1
R1377,S069,Q17,63.8,236.6,3
R1378,S069,Q18,52.3,85.3,1
R1379,S069,Q19,84.7,93.6,3
R1380,S069,Q20,66.2,47.2,3
R1381,S070,Q1,93.1,95.4,2
R1382,S070,Q2,100.0,112.2,3
R1383,S070,Q3,100.0,203.5,1
R1384,S070,Q4,88.1,139.4,2
R1385,S070,Q5,85.4,246.5,3
R1386,S070,Q6,78.9,202.9,1
R1387,S070,Q7,81.7,78.8,3
R1388,S070,Q8,61.7,176.5,1
R1389,S070,Q9,57.7,118.1,1
R1390,S070,Q10,69.9,190.1,1
R1391,S070,Q11,67.4,194.2,1
R1392,S070,Q12,63.2,95.5,2
R1393,S070,Q13,80.4,279.6,1
R1394,S070,Q14,84.3,108.1,1
R1395,S070,Q15,71.3,75.4,2
R1396,S070,Q16,92.2,61.9,3
R1397,S070,Q17,52.9,45.5,3
R1398,S070,Q18,67.1,185.8,2
R1399,S070,Q19,59.2,71.0,1
R1400,S070,Q20,42.0,121.5,3
R1401,S071,Q1,79.3,143.2,1
R1402,S071,Q2,80.5,106.2,3
R1403,S071,Q3,56.4,99.2,1
R1404,S071,Q4,85.8,216.8,3
R1405,S071,Q5,76.8,245.3,3
R1406,S071,Q6,53.8,129.4,3
R1407,S071,Q7,50.1,168.9,3
R1408,S071,Q8,69.8,275.7,2
R1409,S071,Q9,82.8,187.2,3
R1410,S071,Q10,83.1,223.7,3
R1411,S071,Q11,75.3,153.4,2
R1412,S071,Q12,70.7,134.2,3
R1413,S071,Q13,77.7,218.2,2
R1414,S071,Q14,57.2,263.2,2
R1415,S071,Q15,95.3,159.8,1
R1416,S071,Q16,95.1,60.0,1
R1417,S071,Q17,76.4,142.6,3
R1418,S071,Q18,73.0,266.0,2
R1419,S071,Q19,63.8,253.1,1
R1420,S071,Q20,77.9,46.8,3
R1421,S072,Q1,80.4,292.4,1
R1422,S072,Q2,68.5,138.5,1
R1423,S072,Q3,83.6,156.7,1
R1424,S072,Q4,91.4,205.7,1
R1425,S072,Q5,71.5,82.0,2
R1426,S072,Q6,72.2,168.6,3
R1427,S072,Q7,63.0,157.3,3
R1428,S072,Q8,64.8,32.6,1
R1429,S072,Q9,80.9,119.8,2
R1430,S072,Q10,67.4,251.5,3
R1431,S072,Q11,65.2,296.8,2
R1432,S072,Q12,69.7,118.9,3
R1433,S072,Q13,83.3,270.6,2
R1434,S072,Q14,59.6,98.8,3
R1435,S072,Q15,69.0,295.6,3
R1436,S072,Q16,73.7,170.8,1
R1437,S072,Q17,87.4,224.5,3
R1438,S072,Q18,66.4,201.7,2
R1439,S072,Q19,59.2,40.6,1
R1440,S072,Q20,62.7,42.7,2
R1441,S073,Q1,71.5,66.3,3
R1442,S073,Q2,53.0,141.9,2
R1443,S073,Q3,43.6,153.4,3
R1444,S073,Q4,54.6,241.5,1
R1445,S073,Q5,73.7,60.2,1
R1446,S073,Q6,71.3,183.5,3
R1447,S073,Q7,80.5,174.6,2
R1448,S073,Q8,71.5,97.7,3
R1449,S073,Q9,68.4,269.6,1
R1450,S073,Q10,60.9,242.0,3
R1451,S073,Q11,83.3,196.1,3
R1452,S073,Q12,56.2,45.5,2
R1453,S073,Q13,53.3,167.4,2
R1454,S073,Q14,78.5,105.2,1
R1455,S073,Q15,50.0,68.6,2
R1456,S073,Q16,100.0,117.6,1
R1457,S073,Q17,71.2,105.3,1
R1458,S073,Q18,75.2,299.7,3
R1459,S073,Q19,57.9,251.6,3
R1460,S073,Q20,65.3,52.3,3
R1461,S074,Q1,74.0,227.1,1
R1462,S074,Q2,61.1,167.8,3
R1463,S074,Q3,75.6,50.1,1
R1464,S074,Q4,70.5,264.8,3
R1465,S074,Q5,62.6,222.5,2
R1466,S074,Q6,49.1,120.4,1
R1467,S074,Q7,91.6,123.7,1
R1468,S074,Q8,73.1,31.7,2
R1469,S074,Q9,100.0,283.2,3
R1470,S074,Q10,84.1,183.9,2
R1471,S074,Q11,78.3,289.4,1
R1472,S074,Q12,63.5,33.8,3
R1473,S074,Q13,53.6,174.2,2
R1474,S074,Q14,66.7,217.1,1
R1475,S074,Q15,53.1,87.5,2
R1476,S074,Q16,79.8,107.6,3
R1477,S074,Q17,94.5,93.9,3
R1478,S074,Q18,66.1,139.5,1
R1479,S074,Q19,84.2,45.0,1
R1480,S074,Q20,59.7,260.4,1
R1481,S075,Q1,60.3,91.4,3
R1482,S075,Q2,58.0,58.0,1
R1483,S075,Q3,62.8,169.1,1
R1484,S075,Q4,55.7,210.4,2
R1485,S075,Q5,71.8,130.2,3
R1486,S075,Q6,94.4,76.0,1
R1487,S075,Q7,74.8,271.8,1
R1488,S075,Q8,66.2,241.1,1
R1489,S075,Q9,65.6,168.7,3
R1490,S075,Q10,46.6,122.4,1
R1491,S075,Q11,83.2,80.6,1
R1492,S075,Q12,68.8,166.2,3
R1493,S075,Q13,67.3,68.8,2
R1494,S075,Q14,100.0,79.2,2
R1495,S075,Q15,74.5,150.3,2
R1496,S075,Q16,58.7,51.5,2
R1497,S075,Q17,63.6,206.7,1
R1498,S075,Q18,87.2,183.7,2
R1499,S075,Q19,71.7,280.0,2
R1500,S075,Q20,48.4,130.5,2
R1501,S076,Q1,52.9,65.5,3
R1502,S076,Q2,78.0,136.5,3
R1503,S076,Q3,70.7,223.9,3
R1504,S076,Q4,84.4,191.9,2
R1505,S076,Q5,100.0,96.9,2
R1506,S076,Q6,42.5,271.8,1
R1507,S076,Q7,75.7,270.0,2
R1508,S076,Q8,53.2,172.0,2
R1509,S076,Q9,81.8,102.0,1
R1510,S076,Q10,65.9,43.9,3
R1511,S076,Q11,70.4,134.3,1
R1512,S076,Q12,50.8,231.8,3
R1513,S076,Q13,63.6,162.6,1
R1514,S076,Q14,71.3,222.0,2
R1515,S076,Q15,90.3,113.6,3
R1516,S076,Q16,58.1,141.0,2
R1517,S076,Q17,61.7,171.1,2
R1518,S076,Q18,84.2,242.3,3
R1519,S076,Q19,57.1,213.9,3
R1520,S076,Q20,87.1,259.5,3
R1521,S077,Q1,87.2,53.9,3
R1522,S077,Q2,91.5,32.1,2
R1523,S077,Q3,52.2,191.0,2
R1524,S077,Q4,66.2,105.1,2
R1525,S077,Q5,70.5,257.2,2
R1526,S077,Q6,66.0,250.0,1
R1527,S077,Q7,96.9,154.3,3
R1528,S077,Q8,73.4,283.2,2
R1529,S077,Q9,57.9,287.4,3
R1530,S077,Q10,78.9,48.6,1
R1531,S077,Q11,74.1,123.9,3
R1532,S077,Q12,74.6,98.6,2
R1533,S077,Q13,97.1,63.9,3
R1534,S077,Q14,75.3,223.1,2
R1535,S077,Q15,65.4,235.3,2
R1536,S077,Q16,40.7,32.0,1
R1537,S077,Q17,67.5,129.0,2
R1538,S077,Q18,89.6,293.6,3
R1539,S077,Q19,68.6,143.0,1
R1540,S077,Q20,36.4,111.9,2
R1541,S078,Q1,63.1,126.8,1
R1542,S078,Q2,65.5,240.0,2
R1543,S078,Q3,73.7,258.1,3
R1544,S078,Q4,63.1,204.0,1
R1545,S078,Q5,82.9,46.4,1
R1546,S078,Q6,67.5,298.1,1
R1547,S078,Q7,58.2,140.5,3
R1548,S078,Q8,79.1,263.9,2
R1549,S078,Q9,52.9,112.1,3
R1550,S078,Q10,100.0,262.8,2
R1551,S078,Q11,93.7,295.7,1
R1552,S078,Q12,77.7,217.1,3
R1553,S078,Q13,76.4,44.2,1
R1554,S078,Q14,75.7,208.8,1
R1555,S078,Q15,62.7,277.1,1
R1556,S078,Q16,74.5,137.1,2
R1557,S078,Q17,56.2,183.4,1
R1558,S078,Q18,77.6,30.6,1
R1559,S078,Q19,83.0,169.9,2
R1560,S078,Q20,64.3,270.0,2
R1561,S079,Q1,77.7,200.6,2
R1562,S079,Q2,72.7,150.0,3
R1563,S079,Q3,75.3,92.9,3
R1564,S079,Q4,77.3,110.0,2
R1565,S079,Q5,79.5,79.1,1
R1566,S079,Q6,86.6,44.2,1
R1567,S079,Q7,76.1,179.6,3
R1568,S079,Q8,66.4,280.5,3
R1569,S079,Q9,80.1,74.2,3
R1570,S079,Q10,98.5,58.7,2
R1571,S079,Q11,68.0,111.5,2
R1572,S079,Q12,55.4,199.7,3
R1573,S079,Q13,86.6,203.9,1
R1574,S079,Q14,68.2,164.9,1
R1575,S079,Q15,37.4,204.5,2
R1576,S079,Q16,82.7,247.8,1
R1577,S079,Q17,62.0,39.3,2
R1578,S079,Q18,68.6,53.0,1
R1579,S079,Q19,75.0,147.5,3
R1580,S079,Q20,72.9,110.1,3
R1581,S080,Q1,82.7,66.0,2
R1582,S080,Q2,77.4,89.5,2
R1583,S080,Q3,70.6,188.0,2
R1584,S080,Q4,72.3,266.8,2
R1585,S080,Q5,100.0,210.1,3
R1586,S080,Q6,84.1,275.9,1
R1587,S080,Q7,100.0,64.9,1
R1588,S080,Q8,78.0,50.3,2
R1589,S080,Q9,47.9,197.8,2
R1590,S080,Q10,66.1,99.5,2
R1591,S080,Q11,44.5,272.8,3
R1592,S080,Q12,77.9,134.0,3
R1593,S080,Q13,81.2,251.7,1
R1594,S080,Q14,56.7,255.4,2
R1595,S080,Q15,60.2,166.9,3
R1596,S080,Q16,72.2,228.7,1
R1597,S080,Q17,52.0,261.7,2
R1598,S080,Q18,50.9,122.1,2
R1599,S080,Q19,88.6,101.2,1
R1600,S080,Q20,71.7,281.3,1
R1601,S081,Q1,71.1,299.5,3
R1602,S081,Q2,87.4,225.8,1
R1603,S081,Q3,56.1,140.1,2
R1604,S081,Q4,73.6,293.4,3
R1605,S081,Q5,84.6,54.8,3
R1606,S081,Q6,77.5,204.5,1
R1607,S081,Q7,72.8,168.8,3
R1608,S081,Q8,85.0,205.6,3
R1609,S081,Q9,29.5,237.3,3
R1610,S081,Q10,80.2,148.6,3
R1611,S081,Q11,60.2,87.4,2
R1612,S081,Q12,42.5,253.1,1
R1613,S081,Q13,77.7,154.0,1
R1614,S081,Q14,90.6,261.7,2
R1615,S081,Q15,67.9,156.6,1
R1616,S081,Q16,84.3,285.7,2
R1617,S081,Q17,94.2,114.1,2
R1618,S081,Q18,89.7,281.5,3
R1619,S081,Q19,94.6,292.6,1
R1620,S081,Q20,81.1,294.9,1
R1621,S082,Q1,56.6,125.9,1
R1622,S082,Q2,56.0,232.4,2
R1623,S082,Q3,75.3,223.1,2
R1624,S082,Q4,69.7,115.2,2
R1625,S082,Q5,60.6,210.1,1
R1626,S082,Q6,46.8,33.2,3
R1627,S082,Q7,71.6,264.8,3
R1628,S082,Q8,63.0,292.7,3
R1629,S082,Q9,67.1,163.4,2
R1630,S082,Q10,74.6,211.1,2
R1631,S082,Q11,32.5,165.3,2
R1632,S082,Q12,47.0,143.8,2
R1633,S082,Q13,100.0,283.2,1
R1634,S082,Q14,62.4,178.7,2
R1635,S082,Q15,32.2,57.5,3
R1636,S082,Q16,48.3,200.4,1
R1637,S082,Q17,100.0,235.2,2
R1638,S082,Q18,59.5,193.6,2
R1639,S082,Q19,87.4,122.4,1
R1640,S082,Q20,71.8,54.7,2
R1641,S083,Q1,86.3,233.3,2
R1642,S083,Q2,61.3,80.4,1
R1643,S083,Q3,77.2,79.7,2
R1644,S083,Q4,100.0,285.9,1
R1645,S083,Q5,75.7,256.9,2
R1646,S083,Q6,67.3,43.2,2
R1647,S083,Q7,58.3,84.8,1
R1648,S083,Q8,67.1,118.2,1
R1649,S083,Q9,56.7,106.7,3
R1650,S083,Q10,74.0,104.0,2
R1651,S083,Q11,71.6,149.0,1
R1652,S083,Q12,37.6,198.9,3
R1653,S083,Q13,69.7,215.5,2
R1654,S083,Q14,86.1,85.6,1
R1655,S083,Q15,64.0,64.0,2
R1656,S083,Q16,60.2,112.6,1
R1657,S083,Q17,49.3,261.8,1
R1658,S083,Q18,42.1,50.9,2
R1659,S083,Q19,82.5,79.7,2
R1660,S083,Q20,67.3,118.7,2
R1661,S084,Q1,62.8,186.3,2
R1662,S084,Q2,72.2,239.8,2
R1663,S084,Q3,94.2,219.9,3
R1664,S084,Q4,83.5,248.5,2
R1665,S084,Q5,66.0,231.8,3
R1666,S084,Q6,56.6,286.6,1
R1667,S084,Q7,37.7,35.2,3
R1668,S084,Q8,59.2,288.7,1
R1669,S084,Q9,66.8,186.5,3
R1670,S084,Q10,55.2,243.0,3
R1671,S084,Q11,68.0,77.5,2
R1672,S084,Q12,71.2,197.7,1
R1673,S084,Q13,66.6,277.0,1
R1674,S084,Q14,60.2,34.0,2
R1675,S084,Q15,72.5,234.9,3
R1676,S084,Q16,76.6,204.4,2
R1677,S084,Q17,53.6,271.7,3
R1678,S084,Q18,91.2,214.5,3
R1679,S084,Q19,68.5,254.8,2
R1680,S084,Q20,70.3,113.6,3
R1681,S085,Q1,65.5,280.6,1
R1682,S085,Q2,65.2,295.7,2
R1683,S085,Q3,90.0,295.7,1
R1684,S085,Q4,81.4,125.7,3
R1685,S085,Q5,89.2,254.9,3
R1686,S085,Q6,71.8,277.1,3
R1687,S085,Q7,74.8,267.3,1
R1688,S085,Q8,98.5,57.9,3
R1689,S085,Q9,57.5,85.5,3
R1690,S085,Q10,68.5,75.6,2
R1691,S085,Q11,82.0,214.7,1
R1692,S085,Q12,67.1,111.4,3
R1693,S085,Q13,61.4,112.0,2
R1694,S085,Q14,79.3,120.6,3
R1695,S085,Q15,90.0,58.3,2
R1696,S085,Q16,67.9,168.6,1
R1697,S085,Q17,67.5,68.2,2
R1698,S085,Q18,60.3,152.1,1
R1699,S085,Q19,65.6,83.2,1
R1700,S085,Q20,86.3,177.1,1
R1701,S086,Q1,66.0,74.5,1
R1702,S086,Q2,91.5,128.8,2
R1703,S086,Q3,77.9,212.8,3
R1704,S086,Q4,77.3,34.8,1
R1705,S086,Q5,42.7,40.5,1
R1706,S086,Q6,59.6,146.4,3
R1707,S086,Q7,42.5,68.0,3
R1708,S086,Q8,87.6,297.7,1
R1709,S086,Q9,93.8,79.5,2
R1710,S086,Q10,81.7,156.1,1
R1711,S086,Q11,55.2,296.1,3
R1712,S086,Q12,92.2,65.6,3
R1713,S086,Q13,66.2,245.6,3
R1714,S086,Q14,51.8,90.4,3
R1715,S086,Q15,55.5,275.8,1
R1716,S086,Q16,63.5,146.1,3
R1717,S086,Q17,70.7,51.1,1
R1718,S086,Q18,67.6,235.8,2
R1719,S086,Q19,48.8,151.3,3
R1720,S086,Q20,88.2,77.2,1
R1721,S087,Q1,88.3,94.6,1
R1722,S087,Q2,71.7,98.3,2
R1723,S087,Q3,92.7,102.4,1
R1724,S087,Q4,100.0,31.0,2
R1725,S087,Q5,70.4,224.7,3
R1726,S087,Q6,76.3,115.2,2
R1727,S087,Q7,43.5,37.6,1
R1728,S087,Q8,48.2,110.9,2
R1729,S087,Q9,57.4,69.4,3
R1730,S087,Q10,63.3,93.5,2
R1731,S087,Q11,53.6,294.5,2
R1732,S087,Q12,69.5,190.9,2
R1733,S087,Q13,63.8,34.6,2
R1734,S087,Q14,86.1,276.4,2
R1735,S087,Q15,62.9,31.9,1
R1736,S087,Q16,35.7,87.1,3
R1737,S087,Q17,71.9,209.0,1
R1738,S087,Q18,69.8,52.7,2
R1739,S087,Q19,57.1,244.7,2
R1740,S087,Q20,71.4,296.9,1
R1741,S088,Q1,46.4,290.4,1
R1742,S088,Q2,53.1,110.8,2
R1743,S088,Q3,52.1,87.6,1
R1744,S088,Q4,72.1,250.3,1
R1745,S088,Q5,96.0,100.4,1
R1746,S088,Q6,100.0,122.4,2
R1747,S088,Q7,79.6,143.1,1
R1748,S088,Q8,77.5,221.4,3
R1749,S088,Q9,43.0,296.3,3
R1750,S088,Q10,61.9,44.7,2
R1751,S088,Q11,58.2,48.9,1
R1752,S088,Q12,60.7,207.6,3
R1753,S088,Q13,67.5,186.8,2
R1754,S088,Q14,62.9,95.8,1
R1755,S088,Q15,40.3,257.6,2
R1756,S088,Q16,81.2,47.1,2
R1757,S088,Q17,53.9,227.6,3
R1758,S088,Q18,73.6,127.4,2
R1759,S088,Q19,100.0,202.1,3
R1760,S088,Q20,56.2,64.5,2
R1761,S089,Q1,56.5,174.4,1
R1762,S089,Q2,85.9,39.3,1
R1763,S089,Q3,86.0,250.3,1
R1764,S089,Q4,60.5,123.1,2
R1765,S089,Q5,95.8,270.6,1
R1766,S089,Q6,65.7,223.0,3
R1767,S089,Q7,71.3,200.1,2
R1768,S089,Q8,68.7,71.7,2
R1769,S089,Q9,77.9,203.8,1
R1770,S089,Q10,74.1,93.8,2
R1771,S089,Q11,73.9,123.2,1
R1772,S089,Q12,54.7,116.4,2
R1773,S089,Q13,44.7,73.9,1
R1774,S089,Q14,87.1,81.9,1
R1775,S089,Q15,61.8,209.4,3
R1776,S089,Q16,69.3,235.8,3
R1777,S089,Q17,74.9,32.3,2
R1778,S089,Q18,94.4,147.5,3
R1779,S089,Q19,72.4,169.9,2
R1780,S089,Q20,64.1,232.6,1
R1781,S090,Q1,68.1,69.3,1
R1782,S090,Q2,52.4,227.7,3
R1783,S090,Q3,69.8,295.2,3
R1784,S090,Q4,75.9,188.9,1
R1785,S090,Q5,73.8,148.8,1
R1786,S090,Q6,85.7,254.1,2
R1787,S090,Q7,48.3,191.4,3
R1788,S090,Q8,57.4,264.1,1
R1789,S090,Q9,79.6,176.1,1
R1790,S090,Q10,59.1,161.7,2
R1791,S090,Q11,73.6,45.0,2
R1792,S090,Q12,33.7,126.9,3
R1793,S090,Q13,100.0,167.0,1
R1794,S090,Q14,66.0,65.3,2
R1795,S090,Q15,87.9,277.5,2
R1796,S090,Q16,64.9,274.2,2
R1797,S090,Q17,76.2,224.0,3
R1798,S090,Q18,92.4,224.2,2
R1799,S090,Q19,87.5,52.1,2
R1800,S090,Q20,66.9,96.4,2
R1801,S091,Q1,80.8,254.6,2
R1802,S091,Q2,57.1,287.1,3
R1803,S091,Q3,100.0,282.4,2
R1804,S091,Q4,76.9,176.6,3
R1805,S091,Q5,86.3,153.3,2
R1806,S091,Q6,77.3,281.1,1
R1807,S091,Q7,88.2,150.7,1
R1808,S091,Q8,57.0,111.6,1
R1809,S091,Q9,91.7,74.4,2
R1810,S091,Q10,72.1,260.3,2
R1811,S091,Q11,88.1,221.8,2
R1812,S091,Q12,48.4,63.8,3
R1813,S091,Q13,72.7,52.7,3
R1814,S091,Q14,72.2,209.9,1
R1815,S091,Q15,60.7,223.0,2
R1816,S091,Q16,74.7,290.8,1
R1817,S091,Q17,93.1,290.4,1
R1818,S091,Q18,59.6,223.7,1
R1819,S091,Q19,84.4,292.7,3
R1820,S091,Q20,53.1,141.4,1
R1821,S092,Q1,86.5,167.5,1
R1822,S092,Q2,98.2,97.0,3
R1823,S092,Q3,59.3,174.0,3
R1824,S092,Q4,75.0,214.9,2
R1825,S092,Q5,62.9,258.3,2
R1826,S092,Q6,79.4,41.2,3
R1827,S092,Q7,52.5,93.3,3
R1828,S092,Q8,68.9,128.9,1
R1829,S092,Q9,84.7,290.7,3
R1830,S092,Q10,88.5,121.4,3
R1831,S092,Q11,76.4,299.5,3
R1832,S092,Q12,64.9,252.9,2
R1833,S092,Q13,46.1,294.7,2
R1834,S092,Q14,58.6,243.3,1
R1835,S092,Q15,63.0,38.5,1
R1836,S092,Q16,59.5,198.1,2
R1837,S092,Q17,70.9,272.7,2
R1838,S092,Q18,64.9,237.8,1
R1839,S092,Q19,72.6,61.3,3
R1840,S092,Q20,88.0,285.7,2
R1841,S093,Q1,90.4,170.5,1
R1842,S093,Q2,50.4,211.5,3
R1843,S093,Q3,24.7,53.6,3
R1844,S093,Q4,72.8,252.9,2
R1845,S093,Q5,97.0,84.2,2
R1846,S093,Q6,88.6,291.4,1
R1847,S093,Q7,73.1,108.1,3
R1848,S093,Q8,62.6,79.4,3
R1849,S093,Q9,82.1,70.5,3
R1850,S093,Q10,55.4,185.5,2
R1851,S093,Q11,77.1,137.9,3
R1852,S093,Q12,77.6,289.3,3
R1853,S093,Q13,85.9,165.7,1
R1854,S093,Q14,100.0,33.8,1
R1855,S093,Q15,75.9,33.9,2
R1856,S093,Q16,62.4,209.8,1
R1857,S093,Q17,69.6,122.3,1
R1858,S093,Q18,43.5,273.9,3
R1859,S093,Q19,59.6,250.9,2
R1860,S093,Q20,63.9,63.9,1
R1861,S094,Q1,60.6,236.6,2
R1862,S094,Q2,70.2,117.3,3
R1863,S094,Q3,84.3,205.0,3
R1864,S094,Q4,54.5,262.2,3
R1865,S094,Q5,57.1,195.5,1
R1866,S094,Q6,86.9,52.6,3
R1867,S094,Q7,65.9,170.0,1
R1868,S094,Q8,58.3,187.9,3
R1869,S094,Q9,80.9,98.4,3
R1870,S094,Q10,62.7,62.3,1
R1871,S094,Q11,85.4,282.3,1
R1872,S094,Q12,60.0,152.8,2
R1873,S094,Q13,67.6,263.9,2
R1874,S094,Q14,84.2,210.7,2
R1875,S094,Q15,66.6,100.4,1
R1876,S094,Q16,81.3,260.4,3
R1877,S094,Q17,69.0,290.0,2
R1878,S094,Q18,99.7,100.9,3
R1879,S094,Q19,93.5,150.8,2
R1880,S094,Q20,50.1,34.3,2
R1881,S095,Q1,84.5,198.2,3
R1882,S095,Q2,88.5,273.8,3
R1883,S095,Q3,71.3,93.1,3
R1884,S095,Q4,73.0,104.0,1
R1885,S095,Q5,60.7,236.1,2
R1886,S095,Q6,65.3,64.2,3
R1887,S095,Q7,79.2,142.8,1
R1888,S095,Q8,88.1,64.3,3
R1889,S095,Q9,67.9,73.4,2
R1890,S095,Q10,63.2,152.4,1
R1891,S095,Q11,70.0,58.6,1
R1892,S095,Q12,79.0,51.3,1
R1893,S095,Q13,48.3,282.8,1
R1894,S095,Q14,35.6,127.6,2
R1895,S095,Q15,61.7,174.6,2
R1896,S095,Q16,51.7,259.0,3
R1897,S095,Q17,62.4,122.1,2
R1898,S095,Q18,67.8,162.4,2
R1899,S095,Q19,63.2,45.0,2
R1900,S095,Q20,91.8,188.7,1
R1901,S096,Q1,64.4,226.0,3
R1902,S096,Q2,100.0,94.4,3
R1903,S096,Q3,65.9,193.2,2
R1904,S096,Q4,75.5,120.2,2
R1905,S096,Q5,84.6,94.5,1
R1906,S096,Q6,94.0,58.7,2
R1907,S096,Q7,58.9,76.0,2
R1908,S096,Q8,63.7,112.9,3
R1909,S096,Q9,89.1,117.2,2
R1910,S096,Q10,82.2,108.4,2
R1911,S096,Q11,86.1,126.3,1
R1912,S096,Q12,49.5,211.5,3
R1913,S096,Q13,93.2,131.9,1
R1914,S096,Q14,58.6,79.8,2
R1915,S096,Q15,72.9,153.6,1
R1916,S096,Q16,67.8,85.6,1
R1917,S096,Q17,56.8,35.7,3
R1918,S096,Q18,48.8,162.1,3
R1919,S096,Q19,43.8,121.5,1
R1920,S096,Q20,71.8,285.2,1
R1921,S097,Q1,72.6,230.3,3
R1922,S097,Q2,71.2,154.9,1
R1923,S097,Q3,79.9,83.5,2
R1924,S097,Q4,65.9,79.6,3
R1925,S097,Q5,83.7,225.1,3
R1926,S097,Q6,55.8,274.6,2
R1927,S097,Q7,91.2,102.2,2
R1928,S097,Q8,61.7,163.1,2
R1929,S097,Q9,44.6,82.9,1
R1930,S097,Q10,65.1,187.5,3
R1931,S097,Q11,63.4,131.6,2
R1932,S097,Q12,65.0,64.4,1
R1933,S097,Q13,73.5,219.6,3
R1934,S097,Q14,86.5,297.1,2
R1935,S097,Q15,67.1,211.5,3
R1936,S097,Q16,59.6,84.6,3
R1937,S097,Q17,53.1,133.5,3
R1938,S097,Q18,63.0,246.6,3
R1939,S097,Q19,41.7,167.6,3
R1940,S097,Q20,59.1,61.1,3
R1941,S098,Q1,51.4,106.9,1
R1942,S098,Q2,48.0,84.2,1
R1943,S098,Q3,72.5,175.7,2
R1944,S098,Q4,70.8,114.6,3
R1945,S098,Q5,72.6,202.4,2
R1946,S098,Q6,73.7,282.0,3
R1947,S098,Q7,66.7,259.4,3
R1948,S098,Q8,92.3,155.9,2
R1949,S098,Q9,46.0,59.3,1
R1950,S098,Q10,57.6,61.9,2
R1951,S098,Q11,68.5,75.4,2
R1952,S098,Q12,45.4,37.4,2
R1953,S098,Q13,67.4,198.8,3
R1954,S098,Q14,94.9,77.2,3
R1955,S098,Q15,70.3,43.6,2
R1956,S098,Q16,73.5,166.4,3
R1957,S098,Q17,51.1,38.8,1
R1958,S098,Q18,60.8,231.3,3
R1959,S098,Q19,64.4,66.7,2
R1960,S098,Q20,65.2,163.2,2
R1961,S099,Q1,83.6,227.1,1
R1962,S099,Q2,70.9,98.8,2
R1963,S099,Q3,76.6,151.5,1
R1964,S099,Q4,54.5,296.4,1
R1965,S099,Q5,88.6,205.4,2
R1966,S099,Q6,56.5,44.3,3
R1967,S099,Q7,59.4,105.4,1
R1968,S099,Q8,70.9,255.8,2
R1969,S099,Q9,86.7,269.1,2
R1970,S099,Q10,86.7,181.6,1
R1971,S099,Q11,69.9,119.5,3
R1972,S099,Q12,81.6,190.2,1
R1973,S099,Q13,44.7,164.8,2
R1974,S099,Q14,59.2,291.9,2
R1975,S099,Q15,59.5,246.7,2
R1976,S099,Q16,88.8,127.2,2
R1977,S099,Q17,79.8,99.3,1
R1978,S099,Q18,72.8,57.3,2
R1979,S099,Q19,74.2,241.3,3
R1980,S099,Q20,93.5,30.6,2
R1981,S100,Q1,67.0,72.1,1
R1982,S100,Q2,51.5,278.6,1
R1983,S100,Q3,76.7,287.9,3
R1984,S100,Q4,75.6,138.7,2
R1985,S100,Q5,70.7,170.9,2
R1986,S100,Q6,75.0,54.4,1
R1987,S100,Q7,63.6,280.2,3
R1988,S100,Q8,45.7,121.0,2
R1989,S100,Q9,59.3,243.0,2
R1990,S100,Q10,72.4,270.0,1
R1991,S100,Q11,72.4,138.3,3
R1992,S100,Q12,70.6,281.5,1
R1993,S100,Q13,78.2,246.9,2
R1994,S100,Q14,61.3,170.5,3
R1995,S100,Q15,70.4,130.8,1
R1996,S100,Q16,78.6,240.8,3
R1997,S100,Q17,68.7,221.0,3
R1998,S100,Q18,51.4,129.0,3
R1999,S100,Q19,55.6,199.6,2
R2000,S100,Q20,82.5,288.1,2
